{
    "totalTime": [
        240.852798,
        158.43616349999962,
        115.21384640000015,
        84.83856270000007,
        63.38809509999997,
        42.232307999999975,
        28.497866699999985,
        23.73750330000001,
        18.60653759999999,
        12.1786692,
        9.3749978,
        7.805865099999999,
        5.757100800000001,
        6.106333699999999,
        5.740239799999997,
        5.551810400000001,
        6.337161200000001,
        7.370353799999998,
        7.440331699999998,
        9.415071799999998
    ],
    "totalPsolveTime": [
        7.544483411999992,
        5.583760865000017,
        4.993809949000002,
        4.174445288,
        3.941009803000001,
        3.100813678000002,
        2.7741467730000005,
        3.437573736999997,
        3.017013951999999,
        2.5300469129999983,
        2.3209577120000007,
        1.8460152109999994,
        0.9759352790000001,
        1.077069259,
        1.021053932,
        1.078193928,
        1.4578885289999994,
        1.8842628080000001,
        1.9181440299999997,
        2.3753457
    ],
    "totalPsolve": [
        10986,
        7638,
        5310,
        3693,
        2568,
        1785,
        1242,
        870,
        606,
        423,
        297,
        222,
        186,
        183,
        195,
        207,
        222,
        237,
        246,
        255
    ],
    "Res": [
        0.1,
        0.14384499,
        0.20691381,
        0.29763514,
        0.42813324,
        0.61584821,
        0.88586679,
        1.27427499,
        1.83298071,
        2.6366509,
        3.79269019,
        5.45559478,
        7.8475997,
        11.28837892,
        16.23776739,
        23.35721469,
        33.59818286,
        48.32930239,
        69.51927962,
        100.0
    ]
}