{
    "totalTime": [
        28.301831000000014,
        19.775883299999986,
        13.298306419999982,
        11.791192699999998,
        7.064929650000005,
        5.414985800000003,
        3.521355299999998,
        2.8265819000000008,
        2.2817215,
        1.7520760000000006,
        0.9848287,
        0.7291397999999999,
        0.6555026999999998,
        0.6477733000000001,
        0.6746633999999997,
        0.7328129000000002,
        0.7786171000000003,
        0.8549605999999998,
        1.0366423,
        1.0569431999999999
    ],
    "totalPsolveTime": [
        0.8326183569999982,
        0.7683291049999992,
        0.6248153369999997,
        0.5906544529999994,
        0.5508034799999995,
        0.5500528119999993,
        0.4896821430000002,
        0.5239137439999999,
        0.4551654680000002,
        0.2943861200000001,
        0.20720935499999987,
        0.14478956000000004,
        0.12819888,
        0.12141102,
        0.13355771000000002,
        0.15208967000000004,
        0.15264144999999996,
        0.16918481000000007,
        0.17751477000000004,
        0.21372468
    ],
    "totalPsolve": [
        5493,
        3819,
        2655,
        1848,
        1284,
        894,
        621,
        435,
        303,
        213,
        150,
        111,
        93,
        93,
        99,
        105,
        111,
        120,
        123,
        129
    ],
    "Res": [
        0.1,
        0.14384499,
        0.20691381,
        0.29763514,
        0.42813324,
        0.61584821,
        0.88586679,
        1.27427499,
        1.83298071,
        2.6366509,
        3.79269019,
        5.45559478,
        7.8475997,
        11.28837892,
        16.23776739,
        23.35721469,
        33.59818286,
        48.32930239,
        69.51927962,
        100.0
    ]
}