{
    "totalTime": [
        463.75813079999955,
        362.0769767000005,
        240.15308410000037,
        165.80065050000005,
        135.10859329999994,
        83.58247989999997,
        67.40706589999995,
        42.69906210000001,
        30.384909199999996,
        25.119766699999992,
        18.047551099999993,
        12.739609900000001,
        11.427060799999992,
        11.929899699999996,
        10.377723400000004,
        11.8018881,
        14.024303900000003,
        14.4280799,
        18.914091799999994,
        18.335204800000007
    ],
    "totalPsolveTime": [
        14.941400180000004,
        14.276650484999998,
        11.636198584000011,
        9.201932859999978,
        8.727667279999993,
        7.718937304999998,
        6.570596287000005,
        6.393804248000011,
        5.385570315000002,
        5.6250810570000045,
        4.572427675,
        2.7926399510000013,
        1.954936636,
        2.2712157929999988,
        2.006663016000001,
        2.4502169680000003,
        3.315802882,
        3.6300187510000006,
        5.361269778000003,
        5.727234863999998
    ],
    "totalPsolve": [
        17163,
        11931,
        8295,
        5769,
        4011,
        2787,
        1938,
        1362,
        945,
        657,
        462,
        348,
        291,
        285,
        303,
        324,
        348,
        366,
        384,
        399
    ],
    "Res": [
        0.1,
        0.14384499,
        0.20691381,
        0.29763514,
        0.42813324,
        0.61584821,
        0.88586679,
        1.27427499,
        1.83298071,
        2.6366509,
        3.79269019,
        5.45559478,
        7.8475997,
        11.28837892,
        16.23776739,
        23.35721469,
        33.59818286,
        48.32930239,
        69.51927962,
        100.0
    ]
}