{
    "totalTime": [
        96.55066309999997,
        62.22562649999999,
        48.310461499999946,
        31.9416581,
        21.371685710000015,
        16.866588100000012,
        11.093065100000004,
        7.611524400000004,
        5.3788458000000015,
        3.8291258000000004,
        2.7780189999999987,
        2.0742477,
        2.0871071999999997,
        1.7463174000000001,
        1.9276834000000005,
        1.9484287,
        2.3222734,
        2.9696906000000003,
        2.9129938,
        2.4643996999999995
    ],
    "totalPsolveTime": [
        2.4082920900000038,
        1.5565507460000012,
        1.290632824999999,
        1.1648039909999996,
        0.9618191799999997,
        0.9981701889999987,
        0.8620551499999995,
        0.818306513,
        0.6428440599999999,
        0.44395295,
        0.32950242,
        0.23484521999999997,
        0.22016631,
        0.20443506,
        0.22323439999999997,
        0.21492808000000002,
        0.27441730000000003,
        0.33200048000000004,
        0.3115453099999999,
        0.28317960000000003
    ],
    "totalPsolve": [
        5493,
        3819,
        2655,
        1848,
        1284,
        894,
        621,
        435,
        303,
        213,
        150,
        111,
        93,
        93,
        99,
        105,
        111,
        120,
        123,
        129
    ],
    "Res": [
        0.1,
        0.14384499,
        0.20691381,
        0.29763514,
        0.42813324,
        0.61584821,
        0.88586679,
        1.27427499,
        1.83298071,
        2.6366509,
        3.79269019,
        5.45559478,
        7.8475997,
        11.28837892,
        16.23776739,
        23.35721469,
        33.59818286,
        48.32930239,
        69.51927962,
        100.0
    ]
}