{
    "totalTime": [
        27.16905329999999,
        19.79710119999995,
        12.5167471,
        9.071132869999998,
        5.844277999999998,
        4.202827300000001,
        2.9503095000000013,
        2.0884792,
        2.0159456000000007,
        1.4497935999999996,
        1.5236942999999998,
        1.6699837000000004,
        1.9599350000000004,
        2.0532839999999997,
        2.551701899999998,
        2.488772799999999,
        3.201060700000001,
        2.733694830000001,
        3.081547400000001,
        2.9158192
    ],
    "totalPsolveTime": [
        0.34238916100000005,
        0.29015567,
        0.24385918800000014,
        0.24429605499999968,
        0.196039911,
        0.18734513799999983,
        0.17740545699999985,
        0.17024326399999998,
        0.17027571,
        0.11957160000000003,
        0.14332380999999988,
        0.16400520999999985,
        0.18261101799999996,
        0.19569862000000005,
        0.2423960900000001,
        0.24235656,
        0.2604820100000001,
        0.2630540699999999,
        0.2919675000000001,
        0.25627594000000004
    ],
    "totalPsolve": [
        1835,
        1277,
        889,
        620,
        432,
        302,
        213,
        149,
        106,
        80,
        101,
        116,
        130,
        142,
        155,
        164,
        169,
        174,
        180,
        184
    ],
    "Res": [
        0.1,
        0.14384499,
        0.20691381,
        0.29763514,
        0.42813324,
        0.61584821,
        0.88586679,
        1.27427499,
        1.83298071,
        2.6366509,
        3.79269019,
        5.45559478,
        7.8475997,
        11.28837892,
        16.23776739,
        23.35721469,
        33.59818286,
        48.32930239,
        69.51927962,
        100.0
    ]
}