{
    "totalTime": [
        86.52964230000025,
        65.92952529999995,
        49.792175300000004,
        29.598528799999983,
        21.575102500000003,
        15.103871960000001,
        12.346873600000002,
        7.669258899999997,
        5.4708513,
        4.037640900000001,
        5.082033700000003,
        5.706441699999999,
        6.712533900000001,
        7.20158456,
        7.780372400000003,
        9.178160099999998,
        8.9259516,
        10.074521799999996,
        9.0639973,
        8.858564399999999
    ],
    "totalPsolveTime": [
        0.6390394720000009,
        0.5951102899999994,
        0.48407112400000013,
        0.39191575500000003,
        0.38587561499999967,
        0.3569066080000002,
        0.4116538429999999,
        0.3299143480000002,
        0.27769909,
        0.2172614,
        0.27710250000000003,
        0.29762568,
        0.34768988000000006,
        0.3623741199999999,
        0.42630535999999986,
        0.45813837999999996,
        0.43961504999999995,
        0.5218064599999997,
        0.4662168400000002,
        0.43792314
    ],
    "totalPsolve": [
        1835,
        1277,
        889,
        620,
        432,
        302,
        213,
        149,
        106,
        80,
        101,
        116,
        130,
        142,
        155,
        164,
        169,
        174,
        180,
        184
    ],
    "Res": [
        0.1,
        0.14384499,
        0.20691381,
        0.29763514,
        0.42813324,
        0.61584821,
        0.88586679,
        1.27427499,
        1.83298071,
        2.6366509,
        3.79269019,
        5.45559478,
        7.8475997,
        11.28837892,
        16.23776739,
        23.35721469,
        33.59818286,
        48.32930239,
        69.51927962,
        100.0
    ]
}