{
    "totalTime": [
        4.0518638000000005,
        3.8460138999999995,
        4.860233299999996,
        28.48210649999998,
        11.289054599999998,
        14.590250000000013,
        8.361500799999996,
        6.1220019,
        3.6753923000000013,
        2.311816799999999,
        2.316956200000001,
        3.983661300000001,
        5.732008600000001,
        12.640283500000004,
        33.88678250000002,
        8.209976899999997,
        14.712689100000008,
        16.124800499999985,
        26.79911049999999
    ],
    "totalPsolveTime": [
        0.5649245299999999,
        0.5716099299999998,
        0.7701377500000002,
        1.051373377,
        1.9095757000000007,
        1.3208682509999994,
        1.0203262109999993,
        0.8742730900000002,
        0.4334386499999998,
        0.28555944999999994,
        0.26567225999999994,
        0.5619710399999998,
        0.6903023899999995,
        1.6788881999999998,
        3.607217119999996,
        0.9853061100000005,
        1.67111476,
        1.8427223199999978,
        2.8712878099999983
    ],
    "totalPsolve": [
        185,
        170,
        190,
        770,
        187,
        373,
        259,
        182,
        128,
        92,
        77,
        115,
        194,
        367,
        1017,
        413,
        525,
        687,
        943
    ],
    "Res": [
        0.1,
        0.143844988829,
        0.206913808111,
        0.297635144163,
        0.428133239872,
        0.615848211066,
        0.88586679041,
        1.2742749857,
        1.83298071083,
        2.63665089873,
        3.79269019073,
        5.45559478117,
        7.84759970351,
        11.2883789168,
        16.2377673919,
        19.9526231497,
        23.8658978686,
        28.546676635,
        34.1454887383
    ]
}