{
    "totalTime": [
        37.160601389999925,
        24.52629664000001,
        19.734379199999996,
        12.37321385000001,
        8.589251299999999,
        6.393571100000003,
        5.323256700000005,
        3.2126531000000003,
        2.8125382,
        1.6130952000000007,
        1.4381767,
        1.1178848999999997,
        1.0005256000000002,
        1.0334119999999996,
        1.1758329700000003,
        1.1346565999999996,
        1.2055554000000006,
        1.29420124,
        1.5789990000000005,
        1.8385771000000004
    ],
    "totalPsolveTime": [
        0.4325074539999996,
        0.4027180590000003,
        0.41481381000000056,
        0.32928712,
        0.32533187399999997,
        0.32435911099999976,
        0.31810627300000005,
        0.2829185200000003,
        0.3158960999999999,
        0.20511994999999997,
        0.15448532000000004,
        0.13568094,
        0.11651136,
        0.12994641,
        0.14365888,
        0.14255527999999998,
        0.14751422,
        0.15201825999999996,
        0.19657039999999995,
        0.22207456999999997
    ],
    "totalPsolve": [
        2393,
        1689,
        1192,
        842,
        595,
        420,
        293,
        208,
        144,
        102,
        74,
        69,
        70,
        72,
        74,
        77,
        80,
        92,
        105,
        119
    ],
    "Res": [
        0.1,
        0.14384499,
        0.20691381,
        0.29763514,
        0.42813324,
        0.61584821,
        0.88586679,
        1.27427499,
        1.83298071,
        2.6366509,
        3.79269019,
        5.45559478,
        7.8475997,
        11.28837892,
        16.23776739,
        23.35721469,
        33.59818286,
        48.32930239,
        69.51927962,
        100.0
    ]
}