{
    "totalTime": [
        423.78134389999866,
        349.98111910000097,
        217.27648959999954,
        141.77109850000002,
        101.46619739999981,
        72.36945899999988,
        54.3818623,
        39.403423699999976,
        28.862874100000003,
        21.020193400000014,
        15.688242899999997,
        11.152857899999999,
        8.9494729,
        8.7848547,
        9.767988099999995,
        10.957060399999996,
        19.3157837,
        15.483992599999993,
        12.5454822,
        13.662262100000001
    ],
    "totalPsolveTime": [
        10.317521620999994,
        9.444174933000024,
        8.302224945999992,
        6.050740949,
        5.663518272999995,
        5.087011307999992,
        4.484972572999999,
        4.714874652000009,
        4.164536713000007,
        3.8787162949999994,
        3.3259996069999977,
        2.105546106000001,
        1.363114696,
        1.2473015709999995,
        1.448034457999999,
        1.8286337930000007,
        3.832518297,
        3.213347208,
        2.619651923999999,
        3.174249162999998
    ],
    "totalPsolve": [
        11444,
        7956,
        5532,
        3848,
        2676,
        1860,
        1294,
        910,
        632,
        440,
        310,
        234,
        196,
        192,
        204,
        218,
        234,
        246,
        258,
        268
    ],
    "Res": [
        0.1,
        0.14384499,
        0.20691381,
        0.29763514,
        0.42813324,
        0.61584821,
        0.88586679,
        1.27427499,
        1.83298071,
        2.6366509,
        3.79269019,
        5.45559478,
        7.8475997,
        11.28837892,
        16.23776739,
        23.35721469,
        33.59818286,
        48.32930239,
        69.51927962,
        100.0
    ]
}