{
    "totalTime": [
        28.022772400000008,
        19.6770158,
        14.743162900000002,
        9.709833300000003,
        7.165282420000002,
        5.347699300000004,
        3.5813778999999997,
        2.4304362000000004,
        1.9859141999999999,
        1.6290053000000002,
        1.0802189599999998,
        0.9065373800000002,
        0.9769802799999999,
        0.5654322,
        0.6178134999999998,
        0.6252155200000001,
        0.6628179000000002,
        0.7235343000000001,
        0.7130458000000001,
        0.7370631999999999
    ],
    "totalPsolveTime": [
        0.5885335730000018,
        0.5234615969999997,
        0.4759869119999999,
        0.40984793,
        0.3965427199999998,
        0.4469194870000001,
        0.3411994300000003,
        0.33456014100000014,
        0.29205670999999994,
        0.20604072999999995,
        0.15493585999999998,
        0.13667158000000001,
        0.11880744000000001,
        0.0893147,
        0.09598366999999998,
        0.09703002999999999,
        0.10643736999999998,
        0.11819265999999996,
        0.11556151999999999,
        0.11951991999999999
    ],
    "totalPsolve": [
        3664,
        2548,
        1772,
        1234,
        858,
        598,
        416,
        292,
        204,
        144,
        102,
        76,
        64,
        64,
        68,
        72,
        76,
        82,
        84,
        88
    ],
    "Res": [
        0.1,
        0.14384499,
        0.20691381,
        0.29763514,
        0.42813324,
        0.61584821,
        0.88586679,
        1.27427499,
        1.83298071,
        2.6366509,
        3.79269019,
        5.45559478,
        7.8475997,
        11.28837892,
        16.23776739,
        23.35721469,
        33.59818286,
        48.32930239,
        69.51927962,
        100.0
    ]
}