{
    "totalTime": [
        145.36633550000002,
        69.21905390000005,
        48.76225529999993,
        33.37454600000003,
        24.40149359999999,
        16.7511437,
        11.737352199999995,
        8.057491329999998,
        5.513807099999998,
        4.429279200000001,
        3.6705456000000005,
        2.8599958999999995,
        2.3958172999999996,
        2.1397673999999998,
        2.2798363,
        2.3386044000000004,
        2.3813062999999994,
        2.9156976000000006,
        2.9592297999999997,
        2.8524442
    ],
    "totalPsolveTime": [
        2.3706885710000023,
        1.2984300900000008,
        0.9615104599999993,
        0.8997750469999988,
        0.7535713219999997,
        0.7210376619999996,
        0.6754364389999999,
        0.681507872,
        0.5154344699999999,
        0.38477609000000007,
        0.3161559500000001,
        0.32225456999999996,
        0.21078408000000007,
        0.19855181,
        0.21812288999999993,
        0.19713638,
        0.25226797999999995,
        0.25951583000000006,
        0.25420152,
        0.2686935999999999
    ],
    "totalPsolve": [
        3664,
        2548,
        1772,
        1234,
        858,
        598,
        416,
        292,
        204,
        144,
        102,
        76,
        64,
        64,
        68,
        72,
        76,
        82,
        84,
        88
    ],
    "Res": [
        0.1,
        0.14384499,
        0.20691381,
        0.29763514,
        0.42813324,
        0.61584821,
        0.88586679,
        1.27427499,
        1.83298071,
        2.6366509,
        3.79269019,
        5.45559478,
        7.8475997,
        11.28837892,
        16.23776739,
        23.35721469,
        33.59818286,
        48.32930239,
        69.51927962,
        100.0
    ]
}