{
    "totalTime": [
        205.73635930000017,
        140.1004510000001,
        105.34263219999988,
        78.97767379999996,
        57.16731320000006,
        38.329874200000056,
        51.820694700000026,
        27.090898399999993,
        22.061650800000002,
        15.267074199999998,
        10.878537500000007,
        8.1858724,
        6.010555500000001,
        7.386285900000002,
        4.7866786,
        7.597206499999998,
        4.704197300000001,
        5.0629313,
        8.5051415,
        10.134201199999996,
        7.4577897,
        6.8811797,
        10.643233700000005,
        6.464357,
        11.199277,
        11.125487400000003,
        6.798127699999999,
        12.473195999999998,
        7.605871399999999
    ],
    "totalPsolveTime": [
        4.2151456839999915,
        3.486852180999996,
        3.2825183159999956,
        3.005503960999995,
        2.664850450000006,
        2.3642060650000034,
        10.182875778000001,
        2.0936317429999973,
        2.1878395890000015,
        1.8420479640000011,
        1.7741718850000001,
        1.5838780360000004,
        1.0605329269999995,
        1.1324746700000003,
        0.6413349879999997,
        1.359859605,
        0.6155596960000002,
        0.6997691060000001,
        1.6181280080000005,
        1.8633948199999997,
        0.9290319330000001,
        1.1569528919999996,
        1.95906713,
        1.2571536300000008,
        2.172273630000001,
        2.296632360000001,
        1.3248135,
        2.4818037999999993,
        1.4455478899999998
    ],
    "totalPsolve": [
        7326,
        5094,
        3542,
        2464,
        1714,
        1192,
        838,
        830,
        582,
        406,
        284,
        200,
        150,
        132,
        126,
        140,
        124,
        132,
        146,
        146,
        140,
        150,
        156,
        160,
        168,
        174,
        166,
        180,
        172
    ],
    "Res": [
        0.1,
        0.14384499,
        0.20691381,
        0.29763514,
        0.42813324,
        0.61584821,
        0.88586679,
        0.88586679,
        1.27427499,
        1.83298071,
        2.6366509,
        3.79269019,
        5.45559478,
        7.8475997,
        7.8475997,
        11.28837892,
        11.28837892,
        16.23776739,
        16.23776739,
        23.35721469,
        23.35721469,
        33.59818286,
        33.59818286,
        48.32930239,
        48.32930239,
        69.51927962,
        69.51927962,
        100.0,
        100.0
    ]
}