{
    "totalTime": [
        92.37723629999998,
        66.25562689999997,
        48.76675160000003,
        36.67028100000003,
        25.735485820000008,
        20.09991729999999,
        13.635777199999993,
        9.481645699999996,
        6.0328557000000025,
        4.638829600000001,
        3.3258294000000017,
        4.540847500000002,
        5.3036505,
        4.9303704999999995,
        5.4000155,
        5.2300754000000005,
        5.685474799999999,
        5.650056499999999,
        5.992706400000002,
        5.323702299999999
    ],
    "totalPsolveTime": [
        1.2364754959999993,
        1.1605510500000007,
        1.0015628829999992,
        0.8828895060000003,
        0.7886288899999997,
        0.7539741539999997,
        0.7620436109999995,
        0.7326327460000001,
        0.5423577099999999,
        0.41958030999999996,
        0.29709443,
        0.36907521,
        0.4566645300000001,
        0.4215391700000002,
        0.46761056,
        0.48504616000000017,
        0.4982898300000002,
        0.5065416899999999,
        0.5049543,
        0.46183279
    ],
    "totalPsolve": [
        3664,
        2548,
        1772,
        1234,
        858,
        598,
        420,
        292,
        204,
        144,
        114,
        128,
        138,
        148,
        156,
        160,
        170,
        176,
        182,
        186
    ],
    "Res": [
        0.1,
        0.14384499,
        0.20691381,
        0.29763514,
        0.42813324,
        0.61584821,
        0.88586679,
        1.27427499,
        1.83298071,
        2.6366509,
        3.79269019,
        5.45559478,
        7.8475997,
        11.28837892,
        16.23776739,
        23.35721469,
        33.59818286,
        48.32930239,
        69.51927962,
        100.0
    ]
}