{
    "totalTime": [
        34.88046939999996,
        22.049179599999974,
        16.169611829999994,
        10.614921099999998,
        6.72486996,
        5.720017500000001,
        3.6214676,
        2.787076700000001,
        1.6829484000000001,
        1.1968994,
        1.0906689999999999,
        1.0671443999999997,
        1.1783127000000004,
        1.2999304999999999,
        1.34544922,
        1.3102874999999998,
        1.3422147000000002,
        1.4301225999999996,
        1.4438308999999994,
        1.4654163000000004
    ],
    "totalPsolveTime": [
        0.71434096,
        0.5473081879999993,
        0.4572924530000002,
        0.4270151870000002,
        0.3637371330000003,
        0.3742691579999998,
        0.3532905059999999,
        0.33719396400000007,
        0.2620247699999999,
        0.18333816999999997,
        0.15253608000000002,
        0.16233925000000002,
        0.17196016000000003,
        0.18368000999999998,
        0.19977237,
        0.19249325499999997,
        0.20624382000000002,
        0.2190086599999999,
        0.22242016999999997,
        0.22767547000000013
    ],
    "totalPsolve": [
        3664,
        2548,
        1772,
        1234,
        858,
        598,
        420,
        292,
        204,
        144,
        114,
        128,
        138,
        148,
        156,
        160,
        170,
        176,
        182,
        186
    ],
    "Res": [
        0.1,
        0.14384499,
        0.20691381,
        0.29763514,
        0.42813324,
        0.61584821,
        0.88586679,
        1.27427499,
        1.83298071,
        2.6366509,
        3.79269019,
        5.45559478,
        7.8475997,
        11.28837892,
        16.23776739,
        23.35721469,
        33.59818286,
        48.32930239,
        69.51927962,
        100.0
    ]
}