{
    "totalTime": [
        6.7467424000000005,
        57.23201999999996,
        9.473790199999993,
        28.816400100000006,
        21.573335599999993,
        14.689671400000005,
        11.359009500000008,
        7.449664999999999,
        5.5624965,
        3.42951586,
        2.5514698999999994,
        1.9091970000000005,
        1.6543111000000004,
        1.8385387500000006,
        2.0670285999999995,
        2.4964001999999996,
        2.85190132,
        3.0214209,
        3.6987888000000004,
        3.5252491,
        3.2191782100000004,
        3.5936588000000005,
        4.832561699999998,
        4.534252600000002,
        4.069894000000001
    ],
    "totalPsolveTime": [
        0.8577006299999996,
        1.5559859639999984,
        1.0674307199999997,
        1.301307828,
        1.1641244639999992,
        1.0351962219999995,
        1.2367779110000006,
        0.85743452,
        0.6533282500000003,
        0.40169145000000006,
        0.27574795,
        0.21317369,
        0.18124792999999997,
        0.22854523999999993,
        0.23808637,
        0.28999951,
        0.30823624,
        0.3732654699999999,
        0.41139966999999994,
        0.41053771000000006,
        0.37659262000000004,
        0.42978069999999985,
        0.4886323899999999,
        0.4565927600000001,
        0.46206836
    ],
    "totalPsolve": [
        385,
        3188,
        402,
        1540,
        1072,
        746,
        526,
        364,
        256,
        178,
        124,
        86,
        80,
        90,
        106,
        114,
        122,
        132,
        142,
        152,
        162,
        180,
        182,
        194,
        204
    ],
    "Res": [
        0.1,
        0.143844988829,
        0.206913808111,
        0.297635144163,
        0.428133239872,
        0.615848211066,
        0.88586679041,
        1.2742749857,
        1.83298071083,
        2.63665089873,
        3.79269019073,
        5.45559478117,
        7.84759970351,
        11.2883789168,
        16.2377673919,
        19.9526231497,
        23.8658978686,
        28.546676635,
        34.1454887383,
        40.8423865267,
        48.8527357152,
        58.4341413374,
        69.89473207,
        83.60306937,
        100.0
    ]
}